user_id,avg_txn_amount,txn_freq_per_day,night_txn_ratio,geo_diversity_score,device_changes_last_30d,foreign_txn_count,return_txn_ratio,linked_accounts_count,risk_tier
1,47873.58779738473,3,0.54,3,0,1,0.54,3,Low
2,29889.29460431175,2,0.23,6,5,1,0.25,3,Low
3,27645.67168741907,0,0.03,7,1,0,0.07,1,Low
4,27646.045886636013,1,0.21,1,0,1,0.05,4,Low
5,92994.28824461301,1,0.2,7,1,0,0.15,3,Medium
6,57334.12461928444,5,0.15,4,0,1,0.03,3,Low
7,22621.56003481798,2,0.3,5,2,0,0.21,4,Low
8,49396.289468624265,6,0.04,8,2,0,0.22,1,Low
9,39979.20528129294,2,0.0,4,2,0,0.13,1,Low
10,4318.298869811708,5,0.45,4,2,0,0.11,3,Low
11,13424.845653754124,2,0.05,8,2,0,0.16,1,Low
12,42123.31274696327,1,0.01,5,0,0,0.16,4,Low
13,87303.53734967057,1,0.14,6,4,1,0.32,2,Medium
14,27837.043699182923,2,0.16,5,1,0,0.28,4,Low
15,21160.548781086072,3,0.25,1,0,2,0.32,4,Low
16,36280.150829443315,2,0.08,7,2,0,0.35,2,Low
17,20105.689614361952,1,0.11,6,1,1,0.2,4,Low
18,26354.82762278377,5,0.11,2,0,2,0.1,3,Low
19,32986.049578805294,5,0.11,7,0,1,0.3,3,Low
20,12802.74609687767,2,0.08,6,0,1,0.34,1,Low
21,59401.20188426279,1,0.1,5,0,1,0.27,1,Low
22,10703.6289255808,3,0.08,8,1,0,0.24,4,Low
23,9455.868876693467,0,0.06,5,0,1,0.11,3,Low
24,38679.008357762694,2,0.12,2,1,0,0.28,3,Low
25,56267.07615958101,6,0.05,6,0,0,0.08,2,Low
26,37956.71148714141,7,0.13,1,2,0,0.35,1,Low
27,30435.583541692016,3,0.06,5,0,1,0.12,3,Low
28,26147.628699669483,3,0.17,6,3,0,0.05,4,Low
29,22798.19661373301,3,0.01,7,1,0,0.37,3,Low
30,68755.98601038898,1,0.04,2,0,0,0.29,1,Low
31,42420.87878779844,3,0.05,1,1,3,0.22,4,Low
32,24346.376273173082,4,0.01,6,0,0,0.18,1,Low
33,18732.130586231146,4,0.17,3,2,0,0.1,3,Low
34,51752.379134157476,1,0.08,5,1,0,0.26,3,Low
35,67668.83346804435,3,0.11,2,1,2,0.07,3,Low
36,63624.195636057775,0,0.21,1,0,2,0.05,1,Low
37,16020.94096422694,2,0.35,1,1,1,0.32,4,Low
38,25969.956025752486,4,0.47,4,1,1,0.27,3,Low
39,22428.69935040197,6,0.21,2,0,0,0.29,3,Low
40,28765.76231571977,3,0.17,1,1,2,0.35,3,Low
41,59021.77046726512,2,0.71,6,0,0,0.08,2,Medium
42,82045.24914414421,4,0.1,4,4,0,0.19,2,Medium
43,43569.742806169976,2,0.13,7,1,0,0.17,4,Low
44,19296.892461844345,4,0.3,6,1,0,0.19,1,Low
45,32416.839297778082,2,0.02,5,6,1,0.12,3,Low
46,92250.79070147169,6,0.08,2,0,0,0.23,3,Low
47,35631.77203107706,2,0.27,5,1,2,0.26,1,Low
48,26193.694051511542,0,0.27,9,1,0,0.17,1,Low
49,27977.05223602557,5,0.06,9,3,0,0.02,4,Medium
50,43430.267280960245,3,0.29,2,1,0,0.12,1,Low
51,16512.634690105253,2,0.16,7,0,1,0.39,3,Low
52,21983.942362467253,5,0.27,4,2,1,0.24,4,Low
53,62995.44787148501,4,0.18,3,2,0,0.34,2,Medium
54,42562.552306461286,4,0.3,1,1,1,0.02,4,Low
55,35903.2168095776,7,0.28,3,0,0,0.02,4,Low
56,65120.27129358068,2,0.35,9,0,1,0.14,4,Medium
57,18293.715675630505,2,0.06,9,1,2,0.22,1,Low
58,25568.698344619606,5,0.08,7,0,0,0.26,3,Low
59,41578.60609562788,4,0.11,3,2,1,0.14,1,Low
60,40538.29181194726,3,0.51,3,0,0,0.18,3,Low
61,8516.911485968261,2,0.13,4,1,0,0.04,1,Low
62,23609.228272102297,4,0.05,7,2,2,0.18,4,Low
63,29339.967407232125,4,0.03,7,0,0,0.07,3,Low
64,44892.11084063536,5,0.58,2,0,0,0.27,1,Low
65,40435.27283035199,1,0.12,5,0,0,0.14,4,Low
66,31447.859280026176,2,0.01,7,0,0,0.26,2,Low
67,4282.1016381200125,1,0.1,7,1,1,0.11,1,Low
68,32653.42388902921,4,0.05,6,1,1,0.17,1,Low
69,34912.78055570447,1,0.32,8,0,1,0.1,2,Low
70,145959.9557756574,3,0.06,3,0,0,0.08,1,Low
71,28609.195452612665,1,0.11,1,0,0,0.12,2,Low
72,41741.19044927995,2,0.23,3,0,0,0.09,3,Low
73,72404.2551776193,5,0.09,2,1,0,0.25,2,Low
74,56761.45392944721,4,0.23,2,1,3,0.14,4,Medium
75,84256.09161222959,3,0.25,2,1,1,0.11,2,Low
76,8658.24438815373,3,0.35,5,1,0,0.15,3,Low
77,13741.237883206511,5,0.04,1,0,1,0.1,2,Low
78,20745.340888844537,3,0.12,4,1,1,0.12,2,Low
79,7186.343897045094,2,0.0,5,1,0,0.23,3,Low
80,35135.145872162946,1,0.18,2,1,1,0.14,1,Low
81,14783.55421141034,2,0.38,5,2,0,0.12,1,Low
82,91504.1749336418,1,0.04,4,1,0,0.27,4,Low
83,16924.017608905782,2,0.03,8,2,0,0.06,4,Low
84,25690.064357392792,1,0.25,1,2,0,0.1,2,Low
85,59059.24319408506,3,0.02,5,1,0,0.12,1,Low
86,10582.76113934987,3,0.26,1,3,0,0.37,1,Medium
87,6671.663298199823,6,0.3,4,1,0,0.18,2,Low
88,38331.43487555225,5,0.18,8,0,1,0.15,3,Low
89,40503.80971499506,6,0.44,1,0,2,0.03,1,Low
90,57869.09279647661,1,0.21,2,1,1,0.08,4,Low
91,48707.54440055496,2,0.05,1,0,0,0.22,2,Low
92,41604.47341140579,4,0.06,7,2,0,0.07,3,Low
93,18677.628339084527,2,0.47,2,2,0,0.2,4,Low
94,39696.89823273889,1,0.38,1,1,0,0.3,1,Low
95,41487.48520321405,4,0.0,6,0,0,0.12,3,Low
96,18081.685856170352,4,0.34,6,1,1,0.1,4,Low
97,108441.51039556853,1,0.14,2,1,1,0.03,2,Low
98,47125.47141536219,4,0.08,1,2,1,0.14,3,Low
99,13969.23490940793,3,0.02,3,1,0,0.21,3,Low
100,58065.55810404523,1,0.04,5,1,0,0.06,2,Low
101,64907.90280807799,2,0.14,6,1,1,0.03,1,Low
102,45167.566975228314,1,0.21,3,0,0,0.15,1,Low
103,27390.396762778604,2,0.02,9,0,0,0.11,3,Low
104,17413.706920924196,2,0.25,5,2,0,0.34,3,Low
105,31381.94392704196,3,0.07,2,2,0,0.05,3,Low
106,42940.51891444604,4,0.05,6,1,0,0.24,4,Low
107,33670.16899383298,4,0.0,8,0,1,0.18,3,Low
108,86710.5443397523,0,0.08,6,4,1,0.14,1,Medium
109,52238.25671694112,3,0.18,4,1,0,0.28,2,Low
110,15738.401087558637,0,0.09,6,2,0,0.3,2,Low
111,12623.753096584476,3,0.01,8,1,1,0.12,2,Low
112,47407.02230034583,1,0.09,8,0,0,0.2,3,Low
113,27890.050519387012,4,0.39,2,2,0,0.15,3,Low
114,55376.2429237872,5,0.04,8,2,0,0.06,2,Medium
115,47106.11257172984,1,0.07,6,0,0,0.17,4,Low
116,31488.037588525207,3,0.2,2,2,1,0.14,4,Low
117,15901.213621201136,3,0.02,1,1,1,0.2,4,Low
118,7523.994493730439,3,0.12,6,1,0,0.2,4,Low
119,39172.414833955794,2,0.21,7,0,0,0.16,1,Low
120,10405.030672380644,3,0.11,5,2,0,0.14,2,Low
121,15324.082588113943,3,0.24,8,0,0,0.27,1,Low
122,37462.12559973296,4,0.21,9,3,3,0.1,3,Medium
123,34858.97751038584,3,0.03,4,2,1,0.36,4,Low
124,11674.43912946964,1,0.15,7,0,0,0.15,4,Low
125,69846.53127047107,2,0.03,8,1,1,0.13,2,Medium
126,68617.16860896818,4,0.04,6,2,1,0.14,4,Low
127,48478.28416751729,1,0.17,2,0,1,0.09,2,Low
128,48436.88908195961,4,0.34,7,0,0,0.07,3,Low
129,48478.69578261463,2,0.39,9,0,0,0.03,4,Low
130,64531.19893714127,1,0.53,5,3,1,0.24,4,Medium
131,53139.507216564976,5,0.41,2,2,0,0.3,1,Medium
132,17095.956214950726,6,0.13,4,1,2,0.27,2,Low
133,27584.969614086403,1,0.09,3,1,1,0.31,2,Low
134,135930.64396448975,7,0.15,4,1,2,0.06,4,Low
135,4629.686381425404,4,0.21,7,2,0,0.09,1,Low
136,22572.594189389147,3,0.2,8,1,1,0.19,4,Low
137,70096.25112056592,3,0.02,1,2,0,0.1,2,Low
138,18065.33652471673,0,0.02,8,1,2,0.3,2,Low
139,54139.58576698446,3,0.46,5,0,0,0.28,4,Medium
140,34523.892767937105,3,0.1,7,6,0,0.08,3,Medium
141,19180.898340592845,1,0.06,1,1,1,0.02,4,Low
142,3620.2243424231724,0,0.0,2,2,0,0.31,1,Low
143,38383.05039870936,2,0.12,1,1,0,0.29,2,Low
144,16772.186429656886,4,0.05,5,1,2,0.06,2,Low
145,30457.74750549615,6,0.15,6,2,0,0.09,4,Low
146,48146.01939851552,3,0.07,9,0,1,0.04,3,Low
147,61056.24596694156,3,0.04,8,0,0,0.23,2,Medium
148,22512.647115480475,2,0.06,7,0,1,0.17,4,Low
149,19150.032306483354,1,0.26,5,1,1,0.33,3,Low
150,10226.121558565936,0,0.26,3,1,0,0.23,4,Low
151,63092.581447928336,2,0.04,9,0,0,0.15,4,Medium
152,123634.51951017218,6,0.08,5,0,1,0.05,4,Low
153,67729.52766399336,6,0.15,3,0,0,0.02,2,Low
154,77912.021052854,3,0.03,3,3,0,0.05,3,Medium
155,18196.681910446314,3,0.15,3,0,1,0.1,1,Low
156,46156.033301113464,2,0.02,6,2,0,0.12,1,Low
157,57601.38997921555,5,0.44,1,1,0,0.12,2,Medium
158,13262.771948626427,3,0.09,4,0,1,0.29,2,Low
159,95743.04292531924,2,0.1,8,1,0,0.23,4,Medium
160,8364.268672019667,2,0.5,3,1,0,0.34,4,Low
161,86113.14031791569,2,0.01,5,1,0,0.08,3,Low
162,8305.642553938416,3,0.05,2,1,0,0.24,4,Low
163,13870.7531988955,1,0.1,2,3,1,0.33,3,Medium
164,46745.00986272675,6,0.04,7,1,1,0.33,4,Low
165,35168.29276543892,4,0.05,3,0,0,0.01,4,Low
166,24341.532663540223,6,0.43,5,1,0,0.09,1,Low
167,93342.87610779681,2,0.06,3,1,0,0.04,2,Low
168,10499.453762041157,5,0.24,6,2,0,0.17,3,Low
169,29565.844011193196,2,0.09,3,1,2,0.19,1,Low
170,50947.901809978095,3,0.15,8,1,0,0.11,4,Medium
171,41127.61820410063,6,0.01,2,3,0,0.27,1,Low
172,19701.791424039187,6,0.22,3,0,0,0.13,3,Low
173,20314.211679308737,5,0.29,8,0,1,0.08,2,Low
174,60433.99844517546,4,0.05,8,0,1,0.17,1,Medium
175,62373.8263773154,3,0.18,1,0,1,0.03,3,Low
176,41913.976656577135,1,0.08,8,1,1,0.17,4,Low
177,16183.43874331046,4,0.15,2,2,0,0.35,1,Low
178,20860.677838233776,3,0.43,7,1,0,0.3,2,Low
179,32796.56376927056,4,0.18,6,1,0,0.23,3,Low
180,36455.41147836445,2,0.02,2,1,1,0.26,2,Low
181,49548.72236956177,2,0.37,5,3,1,0.15,4,Low
182,28380.54445286359,4,0.37,7,0,0,0.24,2,Low
183,59510.24465004442,4,0.17,8,2,1,0.23,4,Medium
184,59058.95657349026,1,0.06,3,0,1,0.47,4,Medium
185,79679.0736615705,2,0.07,1,0,1,0.12,1,Low
186,33878.59658473915,4,0.03,7,1,0,0.21,4,Low
187,42423.37684053278,2,0.29,5,1,1,0.13,2,Low
188,30084.704132281964,3,0.05,5,3,0,0.16,1,Low
189,16355.893650339978,5,0.35,7,0,1,0.11,4,Low
190,121801.9243967026,2,0.07,1,1,1,0.3,3,Low
191,73068.3345601808,2,0.06,8,1,0,0.17,3,Medium
192,58236.85856903767,2,0.27,5,0,1,0.3,4,Low
193,33018.121853843804,2,0.05,8,1,1,0.06,1,Low
194,15118.962084219209,4,0.04,5,1,0,0.1,1,Low
195,65381.878191064054,2,0.51,7,1,0,0.15,1,Medium
196,29678.67581405676,2,0.08,3,1,0,0.21,2,Low
197,45172.32635444629,3,0.14,2,0,2,0.14,3,Low
198,20793.80904112946,2,0.08,6,2,1,0.4,4,Low
199,40066.83503289973,2,0.06,5,0,0,0.07,4,Low
200,21882.6412524049,2,0.63,9,1,0,0.18,3,Low
201,22590.390395334056,5,0.09,4,1,1,0.36,2,Low
202,39690.98756500353,4,0.48,3,1,0,0.42,1,Low
203,8181.309501878172,4,0.06,9,0,0,0.11,3,Low
204,8599.381572162412,4,0.0,8,0,0,0.05,4,Low
205,18011.48875805843,4,0.14,6,0,0,0.18,2,Low
206,28120.30309102118,4,0.23,1,2,0,0.04,4,Low
207,60743.85825772574,0,0.01,1,3,1,0.14,1,Medium
208,29371.926326700068,1,0.16,6,1,1,0.17,3,Low
209,32857.60748479017,4,0.52,3,0,1,0.08,1,Low
210,26421.89086762838,1,0.05,3,0,1,0.17,2,Low
211,42379.49059477304,4,0.51,6,1,0,0.18,3,Low
212,16211.591174534493,1,0.01,3,1,0,0.17,1,Low
213,30603.278680021656,2,0.18,6,1,0,0.22,1,Low
214,44818.49585145156,2,0.18,5,0,1,0.16,1,Low
215,39460.61616465207,1,0.23,4,0,2,0.15,2,Low
216,33659.52599285165,4,0.03,8,1,1,0.13,1,Low
217,33970.19675092633,7,0.08,2,1,1,0.17,4,Low
218,47915.806536235454,3,0.1,7,0,1,0.06,3,Low
219,125563.98393757896,4,0.34,4,1,0,0.21,3,Low
220,17186.736667043377,5,0.23,2,2,0,0.16,1,Low
221,127867.04653570113,3,0.06,7,0,0,0.1,2,Medium
222,16515.79222658572,2,0.0,1,1,0,0.08,4,Low
223,3070.269905579621,3,0.04,4,2,1,0.04,4,Low
224,21517.80018906317,2,0.35,9,0,0,0.16,3,Low
225,42958.98521670701,2,0.09,4,2,0,0.13,3,Low
226,109031.9363196041,4,0.02,3,2,0,0.34,4,Medium
227,15101.283367042972,1,0.1,2,1,0,0.07,3,Low
228,47716.16191205569,5,0.08,3,0,0,0.11,1,Low
229,9544.798892998784,2,0.28,1,1,0,0.03,4,Low
230,106507.79376600418,3,0.16,8,1,0,0.18,3,Medium
231,74001.59622021104,6,0.01,1,0,1,0.11,1,Low
232,22627.517197136214,3,0.44,3,3,0,0.2,1,Medium
233,81933.85582156634,3,0.12,3,0,1,0.13,4,Low
234,30462.527546224133,7,0.01,2,0,1,0.23,1,Low
235,76596.41225339347,3,0.45,5,0,1,0.25,4,Medium
236,33468.908469847,1,0.21,3,2,1,0.09,1,Low
237,34561.14105355588,0,0.01,3,2,0,0.15,4,Low
238,23010.777586048556,3,0.35,8,2,0,0.08,4,Low
239,52140.17082953126,1,0.09,4,0,0,0.37,4,Medium
240,36536.825611326196,2,0.08,4,0,0,0.18,4,Low
241,48458.51889642464,1,0.09,3,4,1,0.09,1,Low
242,7341.0747698594505,3,0.15,1,1,1,0.14,4,Low
243,78402.61481189032,1,0.07,8,2,0,0.1,3,Medium
244,91565.82318623249,2,0.12,1,2,0,0.29,1,Low
245,36410.13177662336,4,0.01,7,3,0,0.05,4,Medium
246,119874.13283809782,3,0.08,5,0,1,0.17,1,Low
247,102300.83312822292,4,0.23,4,1,1,0.21,1,Low
248,52927.83683065992,2,0.14,4,1,1,0.27,1,Low
249,82629.89264072517,2,0.11,8,2,2,0.04,1,Medium
250,68810.48496512996,3,0.14,6,0,0,0.26,4,Low
251,5422.594018073861,1,0.51,1,1,0,0.13,1,Low
252,26849.926378918928,2,0.15,8,0,0,0.04,3,Low
253,55504.61547119474,4,0.37,2,1,0,0.11,1,Low
254,95545.14596757089,6,0.12,6,1,1,0.15,1,Low
255,8888.87836628705,4,0.36,9,0,0,0.24,3,Low
256,5859.781439631561,1,0.21,1,1,1,0.16,4,Low
257,31919.569885137942,4,0.03,6,0,0,0.21,3,Low
258,3377.25690791808,4,0.01,8,1,0,0.17,2,Low
259,31084.806884600366,1,0.09,2,1,0,0.34,3,Low
260,43723.09033941872,5,0.17,5,0,0,0.16,4,Low
261,14478.515910459826,2,0.21,6,0,1,0.32,3,Low
262,31741.01583938334,1,0.21,5,1,0,0.08,1,Low
263,64576.953524327735,4,0.07,3,1,1,0.12,4,Low
264,21431.081540021707,3,0.33,4,1,1,0.12,2,Low
265,16766.435954014512,3,0.01,7,1,0,0.31,4,Low
266,30645.487810814277,6,0.23,4,0,1,0.05,1,Low
267,13111.734074789181,4,0.38,9,0,0,0.17,2,Low
268,114148.19999064325,9,0.11,2,0,1,0.0,4,Low
269,34252.14961129231,3,0.0,5,0,1,0.16,4,Low
270,18334.03014566804,2,0.19,8,1,3,0.08,1,Medium
271,39169.14183123321,3,0.13,5,2,0,0.02,3,Low
272,30516.339616100253,2,0.13,8,1,0,0.2,3,Low
273,27947.249203891148,5,0.38,8,1,0,0.26,2,Low
274,21426.3978939523,4,0.15,9,0,0,0.21,1,Low
275,20566.668198304797,3,0.01,6,0,1,0.05,1,Low
276,7520.703774843101,5,0.08,4,1,1,0.25,3,Low
277,82546.81365545624,3,0.18,3,2,0,0.19,3,Low
278,50546.05820703131,1,0.1,5,0,0,0.09,2,Low
279,42032.9231335796,3,0.17,6,1,0,0.32,3,Low
280,30138.400420020953,7,0.35,3,0,0,0.11,2,Low
281,14247.837513217439,3,0.42,2,2,0,0.1,4,Low
282,17369.95463963502,2,0.26,7,0,0,0.17,2,Low
283,8445.55247856698,5,0.4,5,1,1,0.2,2,Low
284,19270.84278789267,2,0.45,9,1,0,0.17,2,Low
285,12480.287074381984,4,0.11,3,3,0,0.29,4,Low
286,98626.93074851016,1,0.04,8,0,1,0.04,3,Medium
287,61672.30005171543,3,0.14,6,1,0,0.42,2,Medium
288,35371.145871369445,8,0.4,4,0,1,0.49,3,Low
289,15673.883470315322,3,0.14,9,1,1,0.19,2,Low
290,13083.97767021704,5,0.11,5,0,1,0.18,3,Low
291,28656.378605649203,6,0.48,6,0,0,0.09,2,Low
292,63421.68655300741,5,0.11,9,2,0,0.07,3,Medium
293,8692.803899929662,4,0.24,7,0,1,0.25,1,Low
294,50084.40771952092,3,0.05,5,0,1,0.09,4,Low
295,19198.011966337024,4,0.1,2,1,0,0.08,2,Low
296,22271.427941324215,0,0.09,4,1,0,0.46,4,Low
297,34601.917581861984,8,0.79,2,1,0,0.06,2,Low
298,16152.275668387676,2,0.03,3,1,0,0.09,1,Low
299,27536.534392917594,4,0.11,3,0,0,0.17,1,Low
300,14962.368784845943,0,0.44,4,2,0,0.15,4,Low
301,20548.838137067483,1,0.13,6,2,0,0.28,2,Low
302,56888.87604782773,7,0.14,3,0,1,0.13,3,Low
303,35964.42416914389,4,0.05,1,1,0,0.11,2,Low
304,56741.35651806628,5,0.14,1,0,1,0.02,3,Low
305,18984.663160644548,1,0.37,9,1,1,0.23,4,Low
306,50343.27420973414,5,0.02,9,0,0,0.37,4,Medium
307,6496.010949737567,1,0.33,5,2,1,0.19,1,Low
308,34590.35952390353,2,0.41,9,2,1,0.22,3,Low
309,52689.81011694953,1,0.01,7,2,0,0.03,2,Medium
310,6205.561109847254,4,0.03,9,2,0,0.16,1,Low
311,19176.687328041808,3,0.23,7,2,0,0.08,4,Low
312,34572.20042443628,1,0.49,9,1,2,0.36,1,Medium
313,66651.21232191942,3,0.17,2,0,1,0.52,2,Medium
314,20546.583872279123,2,0.03,8,0,0,0.06,2,Low
315,48969.42879626101,2,0.05,7,0,1,0.14,4,Low
316,86127.49792947769,1,0.1,6,0,0,0.28,1,Low
317,50563.61678318323,3,0.21,5,3,1,0.02,3,Medium
318,28360.7704385502,2,0.05,4,2,1,0.07,3,Low
319,43863.94127510721,3,0.37,7,0,0,0.37,3,Low
320,20044.068805930252,3,0.05,3,2,1,0.32,2,Low
321,35619.4298209064,5,0.08,8,1,1,0.05,1,Low
322,29473.16894669357,6,0.3,2,0,1,0.17,3,Low
323,42832.111620803575,3,0.02,1,1,0,0.14,1,Low
324,23789.575930657153,5,0.01,2,0,1,0.09,4,Low
325,44590.54190615447,2,0.17,9,3,2,0.26,3,Medium
326,23602.270836350745,2,0.13,5,0,0,0.07,1,Low
327,61264.03145456977,4,0.32,8,1,0,0.05,2,Medium
328,25604.167575641364,3,0.12,3,1,0,0.14,4,Low
329,3544.4578148102705,2,0.46,7,4,1,0.21,4,Medium
330,13491.769431511178,1,0.29,2,2,1,0.28,4,Low
331,33811.15900210542,5,0.09,8,2,0,0.08,4,Low
332,98058.39857520658,3,0.38,7,1,1,0.1,2,Medium
333,59661.95703543006,4,0.07,5,2,0,0.12,2,Low
334,2633.3936387706112,1,0.07,4,0,1,0.12,3,Low
335,7876.44764214248,3,0.48,1,0,0,0.2,2,Low
336,72444.59013264927,4,0.43,5,1,0,0.18,2,Medium
337,52486.48988316125,2,0.07,9,3,0,0.04,4,Medium
338,133053.65601182845,2,0.05,4,3,0,0.17,2,Medium
339,22823.81894569697,2,0.2,9,2,1,0.05,4,Low
340,15853.172836502346,4,0.45,2,1,0,0.28,1,Low
341,35215.52078788127,5,0.23,4,1,0,0.02,1,Low
342,22458.78488849969,2,0.09,9,0,0,0.33,1,Low
343,67939.94365911074,2,0.15,4,0,0,0.05,1,Low
344,21822.758842624586,4,0.1,5,0,1,0.16,1,Low
345,26839.464405326926,0,0.14,8,3,1,0.21,1,Medium
346,13910.294069688438,3,0.72,1,2,0,0.06,1,Low
347,56947.79854888572,0,0.0,1,2,0,0.27,4,Low
348,14742.432174650692,2,0.26,9,2,0,0.22,4,Low
349,45188.24685176419,2,0.35,9,0,1,0.06,4,Low
350,109067.49779137984,1,0.13,4,0,1,0.29,4,Low
351,5270.302912572834,4,0.6,2,0,1,0.14,2,Low
352,88803.23362696236,5,0.18,9,1,2,0.03,2,Medium
353,41097.23300828973,1,0.24,4,0,1,0.11,3,Low
354,11900.145090427452,4,0.1,6,1,1,0.13,2,Low
355,36238.42741727359,0,0.07,1,0,0,0.08,4,Low
356,55803.4758393977,6,0.01,9,0,0,0.04,4,Medium
357,16805.6328118531,5,0.04,5,1,0,0.12,1,Low
358,47048.60786451284,1,0.07,3,0,0,0.2,1,Low
359,93711.1469009021,5,0.52,4,0,1,0.23,3,Medium
360,21799.420331949736,1,0.01,1,2,0,0.07,2,Low
361,13754.56423429539,4,0.16,9,1,0,0.05,4,Low
362,30189.869397139515,2,0.34,8,1,0,0.13,2,Low
363,34792.94544054629,1,0.05,4,2,0,0.14,3,Low
364,70318.59816213588,3,0.12,2,3,0,0.04,1,Medium
365,29417.766753380343,3,0.04,9,0,2,0.12,4,Low
366,23481.527489772252,6,0.19,4,1,1,0.13,1,Low
367,13435.081737992417,0,0.11,9,4,1,0.16,4,Medium
368,6261.824482068578,3,0.07,3,2,0,0.13,1,Low
369,9888.408456078767,5,0.17,7,1,0,0.41,1,Low
370,9829.747633943058,1,0.16,7,2,0,0.21,3,Low
371,27069.927395146846,3,0.1,4,2,1,0.45,2,Low
372,7636.58428613453,4,0.24,2,0,0,0.06,1,Low
373,31951.006954379976,2,0.15,9,1,0,0.03,4,Low
374,107490.88237461189,3,0.39,4,3,1,0.15,2,Medium
375,71702.4807609501,7,0.07,8,1,0,0.07,2,Medium
376,26861.509975697547,1,0.02,2,0,0,0.21,1,Low
377,153702.91948095785,3,0.11,8,1,0,0.1,1,Medium
378,34885.84469945188,3,0.09,5,0,0,0.05,1,Low
379,38713.90327149416,1,0.1,7,2,0,0.2,2,Low
380,29743.1702015316,1,0.1,7,2,0,0.43,3,Low
381,32494.779216817868,2,0.76,9,0,1,0.14,1,Low
382,21178.82371656169,2,0.03,3,0,1,0.12,2,Low
383,27173.76099735451,6,0.1,4,2,0,0.21,2,Low
384,89198.22903703274,1,0.07,4,0,1,0.21,4,Low
385,76968.79539202177,3,0.34,5,5,0,0.37,1,Medium
386,3343.9888806321387,3,0.01,6,1,0,0.11,3,Low
387,8598.880163905505,4,0.14,3,1,0,0.28,4,Low
388,17013.512015855893,2,0.01,4,0,1,0.28,1,Low
389,63799.09835509827,3,0.17,3,2,0,0.06,4,Low
390,78123.39477436949,4,0.15,2,1,1,0.07,1,Low
391,55654.55235320797,2,0.16,9,1,1,0.1,4,Medium
392,11853.91171499662,3,0.27,1,0,0,0.39,3,Low
393,21541.622007940994,2,0.07,2,1,1,0.09,4,Low
394,47632.75917929489,4,0.05,8,2,2,0.25,4,Low
395,27505.23603873138,1,0.23,7,0,0,0.05,4,Low
396,24561.89162127371,3,0.4,1,2,0,0.18,1,Low
397,24854.884651520897,5,0.02,5,1,1,0.12,1,Low
398,73121.45625793864,2,0.08,6,0,1,0.38,3,Medium
399,51111.978750946546,4,0.26,5,1,0,0.05,4,Low
400,25962.653536091024,2,0.05,4,5,0,0.06,2,Low
401,42483.04009666984,1,0.01,1,3,0,0.06,4,Low
402,10341.301620424627,3,0.51,7,3,0,0.08,2,Medium
403,21576.327219020222,4,0.11,9,2,0,0.12,2,Low
404,68417.10894794886,7,0.03,6,1,2,0.17,4,Low
405,7131.103654000444,4,0.03,3,2,1,0.23,2,Low
406,51556.46052852619,6,0.37,4,0,0,0.08,2,Low
407,3296.612125502984,4,0.18,5,1,1,0.15,4,Low
408,99123.44303406957,1,0.03,1,0,1,0.36,1,Medium
409,21150.321157415252,1,0.58,5,1,0,0.4,4,Low
410,44737.53195232203,7,0.15,1,2,0,0.04,3,Low
411,36370.520087214725,4,0.12,9,1,0,0.05,2,Low
412,37366.66045934518,3,0.05,7,4,1,0.06,3,Medium
413,41929.0859744897,3,0.08,3,0,0,0.2,2,Low
414,5804.969570009104,3,0.18,9,1,2,0.14,1,Low
415,37942.555525063086,3,0.15,2,2,0,0.08,2,Low
416,28804.996437976508,1,0.01,7,1,0,0.14,4,Low
417,21248.84001453232,1,0.01,9,1,0,0.37,2,Low
418,17005.465346076104,3,0.5,6,1,0,0.04,3,Low
419,38650.04853967693,0,0.02,5,0,1,0.15,4,Low
420,13915.931650950513,3,0.17,7,1,2,0.1,3,Low
421,67592.53223298694,3,0.05,6,2,0,0.29,1,Low
422,47085.30127310197,0,0.19,5,2,2,0.04,3,Low
423,40390.63052023217,2,0.01,2,1,1,0.13,3,Low
424,65688.67615773802,1,0.37,8,1,0,0.27,3,Medium
425,4814.8518449079675,2,0.62,7,1,1,0.11,4,Low
426,10008.144822340359,4,0.29,6,1,0,0.17,1,Low
427,48565.29687438366,4,0.16,5,2,0,0.04,1,Low
428,17886.742311025893,1,0.08,5,0,0,0.14,1,Low
429,19905.827700842805,3,0.04,9,1,1,0.17,3,Low
430,8607.78318194609,3,0.08,1,1,0,0.24,4,Low
431,13952.012419833105,2,0.23,9,1,1,0.05,4,Low
432,68610.47301634881,2,0.13,6,0,1,0.13,4,Low
433,47762.04842617385,3,0.1,4,0,0,0.19,3,Low
434,38337.16742744249,2,0.1,7,2,0,0.16,1,Low
435,20570.044486263534,3,0.1,9,2,0,0.11,3,Low
436,36583.89797399122,2,0.5,5,1,1,0.07,4,Low
437,72683.95820793313,1,0.01,5,1,0,0.14,3,Low
438,18274.280410547726,0,0.01,8,0,1,0.19,2,Low
439,32438.071113402046,3,0.17,7,0,0,0.21,1,Low
440,103146.14577762899,4,0.23,8,0,0,0.07,1,Medium
441,55150.24438300969,4,0.03,2,1,0,0.24,4,Low
442,20817.52787032007,3,0.08,9,3,0,0.04,3,Medium
443,52103.996215314575,3,0.2,3,1,1,0.06,4,Low
444,7006.273882571623,6,0.14,6,0,2,0.25,3,Low
445,31448.169410083126,4,0.17,6,0,0,0.15,2,Low
446,52064.43558273639,4,0.15,2,1,0,0.22,1,Low
447,44145.20240965324,5,0.04,7,0,0,0.28,1,Low
448,51714.63412887091,1,0.05,9,0,0,0.18,3,Medium
449,59834.035427493734,4,0.15,1,0,0,0.07,1,Low
450,46650.50518325515,2,0.11,8,3,1,0.16,3,Medium
451,45702.004565120005,4,0.41,2,0,2,0.49,4,Low
452,38988.507656672395,5,0.09,1,1,0,0.07,2,Low
453,12486.880114626441,2,0.32,8,1,1,0.27,3,Low
454,68590.04728930142,4,0.2,2,1,0,0.15,2,Low
455,32322.418876986605,1,0.26,6,1,0,0.44,4,Low
456,54207.50410234621,2,0.35,6,1,0,0.16,4,Low
457,63902.85678746139,4,0.28,5,2,0,0.15,4,Low
458,21705.6130894815,1,0.22,8,0,0,0.12,3,Low
459,23326.20359448828,1,0.16,3,1,0,0.31,2,Low
460,25970.836018676793,0,0.24,4,1,0,0.14,2,Low
461,77405.84787090529,3,0.02,7,1,0,0.12,1,Medium
462,15159.345349823066,3,0.05,7,1,1,0.28,3,Low
463,86390.7528758335,4,0.11,8,0,2,0.13,1,Medium
464,38670.271425973326,2,0.0,2,0,0,0.21,1,Low
465,40714.9080142381,3,0.02,2,1,0,0.07,3,Low
466,61983.77867442604,6,0.23,4,1,0,0.09,1,Low
467,35503.354159785,2,0.0,9,0,1,0.23,1,Low
468,69106.27115119815,2,0.01,9,1,0,0.08,1,Medium
469,21681.496700809428,2,0.17,4,4,0,0.07,4,Low
470,84570.44934392259,4,0.14,9,0,0,0.2,3,Medium
471,23102.924458360387,1,0.16,3,2,0,0.44,4,Low
472,86703.23851372385,4,0.06,5,0,0,0.1,1,Low
473,23618.636159746362,3,0.02,9,0,2,0.16,1,Low
474,26574.198566050272,3,0.06,6,1,1,0.21,4,Low
475,13547.588942924667,5,0.07,3,1,0,0.09,1,Low
476,17179.266748296985,3,0.28,9,1,0,0.06,3,Low
477,32445.76972586639,1,0.17,6,1,0,0.1,2,Low
478,39753.813982302665,1,0.33,4,2,0,0.11,4,Low
479,65754.90885568107,3,0.02,4,1,1,0.23,2,Low
480,28107.817653896018,5,0.2,8,0,0,0.07,2,Low
481,44214.112252889485,4,0.06,7,1,0,0.35,2,Low
482,37818.4659125711,2,0.08,1,1,0,0.12,4,Low
483,47733.61419673967,7,0.11,6,1,1,0.16,1,Low
484,19429.549055702177,0,0.6,8,0,1,0.16,3,Low
485,21416.864448380988,4,0.01,3,2,0,0.18,1,Low
486,19435.907092785917,2,0.17,9,0,0,0.21,3,Low
487,74423.18423257137,3,0.37,2,1,0,0.17,1,Low
488,85107.4455296299,1,0.43,6,0,2,0.22,2,Medium
489,20661.72585238902,3,0.01,1,0,0,0.16,2,Low
490,21011.373484433338,1,0.57,2,2,0,0.12,3,Low
491,52491.730301123454,3,0.24,5,0,0,0.17,4,Low
492,91381.26173493567,6,0.12,1,3,1,0.1,1,Medium
493,104527.19252029259,3,0.07,8,1,0,0.18,2,Medium
494,19882.566798135642,2,0.6,1,1,0,0.07,3,Low
495,24291.567876880516,1,0.07,9,1,0,0.17,1,Low
496,41272.54321948844,4,0.09,3,1,1,0.1,3,Low
497,42736.17934642586,4,0.12,2,2,1,0.22,4,Low
498,28970.132167755397,3,0.02,1,1,1,0.09,4,Low
499,16678.009270824932,1,0.14,9,2,0,0.23,1,Low
500,32485.293688514677,4,0.2,4,1,0,0.35,4,Low
501,104454.2022635438,2,0.28,1,0,2,0.19,1,Low
502,21675.239420343434,4,0.39,1,1,0,0.19,1,Low
503,39451.81765405696,1,0.07,7,2,1,0.07,4,Low
504,150405.81655438003,5,0.25,2,1,1,0.16,3,Low
505,21419.328878129032,3,0.24,7,2,0,0.1,3,Low
506,54221.458936879775,1,0.06,7,0,0,0.18,1,Medium
507,107364.19777613404,2,0.03,9,0,1,0.17,2,Medium
508,51028.03054980592,1,0.08,7,2,1,0.35,1,Medium
509,70936.72749341321,5,0.13,1,0,0,0.36,3,Medium
510,59322.951981605846,1,0.09,8,2,0,0.19,1,Medium
511,48221.503365425684,3,0.06,8,1,0,0.01,3,Low
512,83271.29281717312,2,0.11,4,2,0,0.14,4,Low
513,53045.08405430819,3,0.05,8,2,0,0.15,1,Medium
514,29201.874729150884,2,0.3,4,1,0,0.09,1,Low
515,37266.77578146815,5,0.61,8,1,2,0.3,4,Low
516,43787.32255387664,4,0.06,5,1,1,0.04,4,Low
517,24173.887582136096,5,0.04,4,0,1,0.14,2,Low
518,38514.953294718456,2,0.01,6,1,0,0.13,4,Low
519,34546.75299197367,3,0.21,2,1,0,0.03,2,Low
520,52931.64037901198,2,0.1,2,2,2,0.19,4,Low
521,126194.6480662066,1,0.04,2,0,0,0.14,3,Low
522,40195.90626766866,3,0.25,9,3,0,0.21,1,Medium
523,92904.28379360678,1,0.32,3,0,0,0.04,4,Low
524,51621.6349366947,7,0.26,4,1,1,0.18,3,Low
525,38387.44182817686,6,0.23,8,1,1,0.23,4,Low
526,23084.10148070268,3,0.27,4,2,0,0.26,1,Low
527,38600.05009002041,4,0.19,7,2,1,0.03,4,Low
528,36885.817413619385,1,0.25,5,3,0,0.07,4,Low
529,18327.179142358244,1,0.38,9,1,0,0.11,1,Low
530,20884.474250835145,2,0.08,4,1,1,0.27,4,Low
531,44052.29031504019,3,0.49,3,2,1,0.17,1,Low
532,92295.60526518064,3,0.37,2,0,1,0.13,2,Low
533,31664.326445294297,1,0.4,1,1,0,0.32,4,Low
534,8182.022501090921,4,0.21,6,1,1,0.05,3,Low
535,13306.886391489505,1,0.29,2,2,1,0.13,4,Low
536,55172.08151640873,3,0.01,8,1,1,0.21,1,Medium
537,9999.725545267616,3,0.09,6,2,0,0.18,1,Low
538,61315.673347148564,1,0.16,5,0,2,0.18,3,Low
539,53097.58543691894,2,0.11,2,1,3,0.11,3,Medium
540,30837.63618212257,4,0.28,7,1,0,0.17,1,Low
541,18469.86391342557,2,0.03,2,0,1,0.03,2,Low
542,27484.5556182375,0,0.23,5,1,0,0.09,2,Low
543,43274.68783823594,4,0.41,2,1,0,0.12,1,Low
544,10336.26349220181,0,0.22,2,0,1,0.17,2,Low
545,86234.30620971131,2,0.04,7,2,0,0.07,3,Medium
546,42988.633139809164,5,0.04,9,0,0,0.23,2,Low
547,46572.148833043124,1,0.42,5,2,1,0.13,3,Low
548,52834.65357095861,5,0.27,7,2,0,0.2,4,Medium
549,80776.8533284915,4,0.14,4,1,0,0.07,3,Low
550,38669.31340049436,4,0.17,2,0,2,0.13,4,Low
551,55195.47107313759,3,0.4,3,1,0,0.11,3,Low
552,18741.4458216667,6,0.14,2,1,0,0.12,3,Low
553,104807.49688362083,2,0.19,5,2,0,0.3,2,Low
554,36751.58628547192,4,0.12,6,1,0,0.17,3,Low
555,18659.61254785926,2,0.19,7,1,1,0.15,1,Low
556,23089.15814131071,5,0.03,3,0,1,0.15,4,Low
557,4477.141049741479,3,0.16,4,1,0,0.11,4,Low
558,22965.61445135715,3,0.15,8,1,1,0.22,3,Low
559,1745.9851276026181,3,0.2,4,2,0,0.06,1,Low
560,58017.5578601237,1,0.08,7,3,0,0.3,3,Medium
561,45569.5498907409,3,0.36,6,0,1,0.07,3,Low
562,14080.948692333943,6,0.01,7,0,1,0.09,2,Low
563,32116.544921193923,3,0.11,1,0,0,0.29,3,Low
564,33240.402669080366,1,0.22,3,2,0,0.04,3,Low
565,11478.05616289351,3,0.06,6,2,0,0.37,2,Low
566,27947.3737656195,3,0.06,3,0,0,0.12,2,Low
567,34032.35285105688,2,0.31,7,3,0,0.29,1,Medium
568,27349.886826232254,3,0.42,9,0,1,0.22,2,Low
569,18643.261921608402,0,0.13,3,0,0,0.17,4,Low
570,13583.33178227185,8,0.06,1,2,1,0.33,4,Low
571,26589.39289144375,1,0.34,6,2,0,0.13,1,Low
572,20653.604925324194,1,0.35,1,1,0,0.23,3,Low
573,50410.7409560365,3,0.05,1,1,0,0.18,1,Low
574,84091.4387540757,2,0.04,8,1,0,0.15,2,Medium
575,63360.49897986179,2,0.47,9,2,1,0.11,3,Medium
576,34896.80973000724,3,0.02,2,2,0,0.02,1,Low
577,19264.32308782749,4,0.18,9,2,0,0.14,1,Low
578,62201.21152354954,3,0.67,5,1,1,0.27,4,Medium
579,52570.05340929822,7,0.01,8,3,1,0.12,1,Medium
580,80230.34712681694,3,0.08,7,3,0,0.2,3,Medium
581,38700.06411676464,3,0.24,7,3,0,0.07,1,Medium
582,101247.87111144335,3,0.07,4,1,1,0.03,1,Low
583,38708.94016164886,5,0.06,2,0,2,0.13,2,Low
584,19184.15568646696,5,0.1,5,2,1,0.24,1,Low
585,22335.41625902373,4,0.06,3,0,0,0.16,3,Low
586,48737.27161331155,4,0.02,9,0,3,0.08,4,Medium
587,20606.33233169298,2,0.52,6,1,0,0.03,4,Low
588,100792.54937137215,6,0.21,1,1,0,0.25,4,Low
589,45916.012557727605,3,0.18,3,1,1,0.16,4,Low
590,34324.23884215347,2,0.02,4,0,0,0.18,2,Low
591,36529.571252416004,6,0.27,9,1,0,0.21,3,Low
592,27119.735118112294,4,0.08,6,3,0,0.01,2,Low
593,6146.2841407090755,3,0.11,4,0,0,0.11,4,Low
594,22349.246474520078,3,0.02,1,0,1,0.06,2,Low
595,92727.13315396855,6,0.14,8,3,1,0.05,1,Medium
596,39470.99983374821,4,0.44,2,1,0,0.11,3,Low
597,68337.45273853191,2,0.14,8,2,0,0.16,1,Medium
598,69661.91460950175,1,0.02,6,1,2,0.24,2,Low
599,32348.902176026124,3,0.15,8,0,1,0.25,1,Low
600,53172.340306978374,4,0.09,6,2,0,0.06,2,Low
601,6950.130187342899,5,0.11,5,0,2,0.17,2,Low
602,87838.96370025241,6,0.01,5,0,1,0.11,3,Low
603,83173.04215950784,2,0.17,8,1,0,0.2,3,Medium
604,47785.42685887881,4,0.51,7,3,0,0.23,3,Medium
605,40527.06971881269,4,0.15,8,1,0,0.07,4,Low
606,32677.87388647719,0,0.16,8,0,1,0.19,3,Low
607,73707.10021693667,4,0.1,7,0,0,0.07,1,Medium
608,57492.319215803225,5,0.24,2,1,0,0.12,3,Low
609,24823.586410472122,2,0.05,9,0,0,0.55,3,Low
610,11975.918349580783,5,0.08,7,0,2,0.09,3,Low
611,9834.293098574553,4,0.0,6,1,0,0.14,2,Low
612,73186.73094164259,5,0.03,9,1,1,0.15,2,Medium
613,32136.46686459994,2,0.06,1,0,2,0.12,3,Low
614,47229.882791603544,2,0.33,2,1,0,0.22,2,Low
615,35356.470184808786,0,0.06,1,1,0,0.39,2,Low
616,9968.657684044607,4,0.29,3,0,0,0.12,4,Low
617,7131.5402826139425,1,0.24,5,0,1,0.1,1,Low
618,23456.309463495283,2,0.01,1,0,0,0.32,2,Low
619,25117.24517562548,3,0.15,4,0,0,0.17,1,Low
620,25104.3000518766,2,0.4,8,2,0,0.15,2,Low
621,25699.3215835799,2,0.08,6,2,0,0.06,3,Low
622,120846.4567479376,1,0.5,1,2,2,0.09,2,Medium
623,67639.19524707613,3,0.03,1,1,1,0.03,2,Low
624,39886.79041253626,4,0.14,3,1,1,0.12,1,Low
625,31518.564411757736,6,0.34,8,2,0,0.1,3,Low
626,32381.466361571976,3,0.12,8,1,0,0.13,4,Low
627,56054.06751779135,2,0.17,3,0,2,0.27,1,Low
628,31292.372900465343,3,0.01,7,0,0,0.21,3,Low
629,63031.984496826604,1,0.05,3,0,2,0.03,3,Low
630,43103.85664353921,2,0.07,4,1,0,0.08,1,Low
631,121556.30167749399,1,0.24,9,1,0,0.08,2,Medium
632,29857.485759392974,3,0.01,4,1,1,0.12,3,Low
633,70914.48356962661,4,0.02,3,0,2,0.03,4,Low
634,13047.195936079901,2,0.21,5,4,2,0.24,2,Low
635,19682.35038105367,2,0.0,7,0,0,0.07,1,Low
636,111200.21152293404,3,0.19,5,4,0,0.09,1,Medium
637,61223.09226135609,2,0.01,4,0,0,0.17,1,Low
638,47839.667904059774,2,0.06,8,2,1,0.04,1,Low
639,141864.416490065,3,0.27,4,0,1,0.04,4,Low
640,31867.64547199349,1,0.01,2,0,0,0.16,4,Low
641,70801.06972830175,6,0.18,6,0,2,0.15,3,Low
642,74335.61218261761,2,0.42,2,0,1,0.23,4,Medium
643,95796.28045542694,2,0.05,3,1,1,0.04,1,Low
644,11631.19356630518,2,0.02,1,0,0,0.31,4,Low
645,31704.56180602019,4,0.29,5,0,0,0.15,2,Low
646,42562.89572573826,1,0.15,9,1,2,0.11,2,Low
647,94770.72912767442,2,0.21,2,0,0,0.12,3,Low
648,46468.354651377165,4,0.51,7,0,1,0.34,1,Medium
649,74443.20873888499,3,0.16,5,0,2,0.16,4,Low
650,10621.940225126204,3,0.37,2,1,1,0.2,3,Low
651,26225.452773610457,3,0.0,8,2,0,0.05,3,Low
652,82964.95185556465,6,0.01,6,1,0,0.09,4,Low
653,29061.355873483728,3,0.19,4,1,0,0.23,3,Low
654,33737.20282656682,3,0.21,4,3,0,0.07,1,Low
655,93778.97245788456,1,0.04,2,0,0,0.27,4,Low
656,15898.571311473266,2,0.1,3,3,0,0.1,2,Low
657,19407.545132149346,4,0.15,7,0,0,0.37,2,Low
658,9512.792184500086,3,0.03,3,1,0,0.36,4,Low
659,96244.97281182195,3,0.06,5,0,0,0.24,3,Low
660,66795.74231486338,2,0.12,6,0,0,0.06,3,Low
661,65651.1223111892,3,0.13,6,3,0,0.03,2,Medium
662,25629.993270915675,1,0.02,4,2,1,0.05,2,Low
663,8787.950354239243,2,0.3,6,1,0,0.07,1,Low
664,6342.266349678589,2,0.18,3,0,0,0.29,3,Low
665,83371.81832954224,3,0.03,7,1,1,0.07,1,Medium
666,50116.24990574278,5,0.2,7,1,1,0.18,2,Medium
667,57019.412479143655,3,0.33,4,0,0,0.13,2,Low
668,41133.545779357475,6,0.22,2,0,1,0.2,2,Low
669,17409.88154966545,2,0.26,7,2,2,0.11,2,Low
670,26598.83716410762,5,0.02,3,1,1,0.11,1,Low
671,13769.076464853344,6,0.19,1,0,0,0.03,2,Low
672,12186.98035867462,6,0.44,2,1,1,0.14,4,Low
673,63110.545915982846,3,0.1,9,0,0,0.16,3,Medium
674,7003.756008482992,4,0.02,8,1,0,0.13,2,Low
675,13856.672528504574,3,0.07,6,0,2,0.04,3,Low
676,27863.226944151644,2,0.57,6,1,0,0.09,2,Low
677,36128.81521968503,5,0.02,1,2,2,0.34,1,Low
678,9390.924102711057,4,0.46,2,1,0,0.13,3,Low
679,46048.830314799576,2,0.07,4,0,3,0.12,1,Low
680,39455.46316830749,0,0.1,3,1,0,0.07,2,Low
681,82417.67740666516,0,0.08,1,2,0,0.24,4,Low
682,36591.80200794189,5,0.11,8,0,0,0.23,4,Low
683,49421.060940239746,6,0.27,7,0,0,0.32,4,Low
684,18294.778487040046,1,0.03,4,0,0,0.16,4,Low
685,18979.746600643903,2,0.19,9,0,1,0.42,4,Low
686,10427.330485054914,5,0.04,4,2,0,0.25,1,Low
687,18452.500874491525,4,0.26,1,0,1,0.12,4,Low
688,26283.011500088927,3,0.08,1,1,0,0.07,2,Low
689,77043.55666052931,2,0.18,1,3,0,0.12,1,Medium
690,16082.337642552991,0,0.06,1,1,2,0.15,1,Low
691,125062.49450890732,4,0.19,4,1,0,0.1,4,Low
692,52521.269571092766,5,0.48,1,1,1,0.26,3,Medium
693,45199.766047539495,2,0.04,2,0,1,0.08,2,Low
694,34477.38522706298,3,0.1,4,0,0,0.18,1,Low
695,29679.99921051862,7,0.05,7,0,1,0.29,2,Low
696,20911.521716320374,5,0.35,2,0,1,0.12,3,Low
697,8999.49806984967,3,0.45,8,0,0,0.14,1,Low
698,16590.657627418816,1,0.07,7,0,1,0.34,2,Low
699,96093.31067084587,3,0.06,9,0,0,0.04,4,Medium
700,50288.38302559774,4,0.22,6,0,0,0.08,1,Low
701,95533.74047718605,1,0.05,4,1,2,0.24,1,Low
702,20457.154675483143,3,0.3,6,0,1,0.02,1,Low
703,13397.748891693649,3,0.04,4,2,1,0.27,1,Low
704,34221.13196987943,4,0.11,7,0,1,0.51,4,Low
705,17143.181792430372,1,0.13,9,2,1,0.03,3,Low
706,39741.363537956706,2,0.24,3,3,2,0.07,3,Low
707,7137.880488126506,3,0.11,3,1,0,0.29,2,Low
708,3807.9737099956947,2,0.07,2,1,0,0.1,4,Low
709,43954.25110839771,1,0.23,1,1,0,0.12,4,Low
710,97853.66125126487,1,0.2,1,2,1,0.22,2,Low
711,45365.083192071615,3,0.17,3,1,0,0.14,4,Low
712,49927.32884272836,0,0.3,7,1,0,0.08,4,Low
713,35334.54815843798,3,0.04,9,0,0,0.11,1,Low
714,37900.21887891597,1,0.11,2,3,2,0.05,1,Low
715,8534.142356922192,1,0.13,7,1,1,0.03,1,Low
716,17720.40772811824,7,0.28,1,0,0,0.15,4,Low
717,76518.96355194248,3,0.43,2,0,0,0.09,4,Medium
718,25812.955517350925,2,0.15,6,2,0,0.04,3,Low
719,75490.3928956807,4,0.14,5,0,0,0.08,1,Low
720,37127.9726113765,4,0.28,8,0,0,0.08,2,Low
721,38541.97018796308,0,0.1,2,1,1,0.23,4,Low
722,25972.05286785273,3,0.05,1,0,3,0.06,1,Low
723,55163.13045733819,3,0.1,7,1,0,0.24,3,Medium
724,64639.56935181264,7,0.3,6,2,0,0.09,1,Low
725,16879.0952743082,3,0.17,8,2,0,0.11,3,Low
726,9421.94478110148,2,0.09,8,0,0,0.2,3,Low
727,4848.115140405978,4,0.12,2,1,0,0.11,4,Low
728,48245.197005048474,2,0.2,8,0,0,0.32,3,Low
729,44406.67696446864,2,0.17,6,1,0,0.12,3,Low
730,148026.08476781714,3,0.06,9,3,1,0.15,2,Medium
731,35491.11296912082,0,0.25,7,2,1,0.05,3,Low
732,30844.65301652361,0,0.12,2,0,1,0.21,2,Low
733,40725.000404573584,3,0.45,8,0,0,0.03,2,Low
734,42348.56715115679,4,0.0,9,2,1,0.13,1,Low
735,29016.891660741407,6,0.01,7,1,2,0.08,1,Low
736,17380.081956322745,4,0.08,4,2,0,0.12,4,Low
737,34066.27504689714,2,0.15,9,1,0,0.2,4,Low
738,33098.435791323915,2,0.02,4,3,0,0.24,4,Low
739,32691.306700645622,8,0.33,4,0,0,0.01,3,Low
740,59220.02957254596,4,0.11,9,1,0,0.15,1,Medium
741,33601.35197650914,3,0.06,8,3,0,0.2,3,Medium
742,9639.298575558985,1,0.34,4,3,0,0.07,1,Low
743,19942.57286898389,2,0.41,8,0,0,0.16,3,Low
744,28735.059863588544,1,0.09,8,0,0,0.1,4,Low
745,34817.52717788663,3,0.11,7,3,2,0.28,1,Medium
746,48965.711008449456,4,0.17,6,0,0,0.11,1,Low
747,35025.92234803798,0,0.13,8,4,1,0.17,2,Medium
748,3920.1143167956693,2,0.0,7,2,0,0.14,1,Low
749,10839.183002311142,5,0.22,5,0,0,0.17,1,Low
750,51346.74771632855,5,0.06,4,0,0,0.19,3,Low
751,28120.40177321333,3,0.02,2,0,0,0.16,4,Low
752,37321.1426642824,1,0.03,8,1,0,0.19,2,Low
753,25365.347225505204,3,0.0,9,0,0,0.25,3,Low
754,19871.335817041407,2,0.09,4,0,0,0.18,1,Low
755,26117.641324382585,5,0.05,4,1,1,0.27,3,Low
756,37653.604619736616,1,0.06,5,1,0,0.04,4,Low
757,33412.04310665028,3,0.11,2,0,1,0.21,2,Low
758,64352.984342949,3,0.11,7,1,0,0.1,3,Medium
759,7814.323836036314,4,0.12,5,0,1,0.23,1,Low
760,9031.075281739495,2,0.42,6,0,0,0.07,3,Low
761,27860.196946366217,2,0.04,4,2,1,0.31,1,Low
762,49359.4719123,1,0.3,8,0,3,0.17,2,Medium
763,57027.78022219656,0,0.26,8,2,2,0.35,2,Medium
764,20553.718493224293,2,0.13,5,3,0,0.34,3,Medium
765,1208.776545884916,2,0.15,6,1,1,0.12,2,Low
766,21125.06263821847,1,0.58,3,2,0,0.13,4,Low
767,44507.5820560621,5,0.05,1,5,2,0.18,3,Low
768,32939.595278353256,7,0.37,9,2,0,0.13,1,Low
769,50639.30716975195,2,0.05,9,0,0,0.16,3,Medium
770,74756.90879011014,2,0.06,3,1,0,0.21,1,Low
771,29405.375547149302,2,0.07,4,1,0,0.27,2,Low
772,23147.850722873474,1,0.05,7,0,1,0.05,1,Low
773,15309.548973097573,2,0.06,2,1,2,0.29,1,Low
774,8976.886921461302,2,0.22,3,2,1,0.01,1,Low
775,6618.1085536080855,5,0.03,6,0,1,0.09,1,Low
776,18870.483492176616,0,0.21,8,1,1,0.17,4,Low
777,68038.14372081337,3,0.5,1,1,0,0.07,1,Medium
778,54079.961442507745,2,0.09,4,0,0,0.18,3,Low
779,22255.920656117156,5,0.01,1,1,0,0.26,4,Low
780,125822.05902334093,3,0.11,2,0,0,0.31,1,Medium
781,20012.26767682555,5,0.08,8,0,0,0.15,1,Low
782,79506.67475681644,6,0.05,6,3,0,0.15,1,Medium
783,92091.45351750929,3,0.6,9,0,0,0.35,4,Medium
784,46676.097658476865,5,0.36,2,3,0,0.07,1,Low
785,18718.184222588243,2,0.05,3,0,1,0.13,1,Low
786,24762.528829355895,0,0.05,9,3,0,0.08,1,Medium
787,38332.75122443027,6,0.06,9,4,0,0.2,2,Medium
788,9246.303927172044,5,0.01,6,0,1,0.41,3,Low
789,14013.637989148283,3,0.03,3,0,0,0.08,1,Low
790,12950.65371118052,6,0.17,5,1,0,0.2,3,Low
791,49198.301569021765,3,0.03,2,1,0,0.16,2,Low
792,74277.18087501916,1,0.25,7,0,0,0.08,2,Medium
793,55555.8149251503,0,0.38,8,1,0,0.35,1,Medium
794,66232.2462197027,2,0.11,6,0,0,0.22,3,Low
795,17362.526312319547,2,0.32,8,1,0,0.11,4,Low
796,25676.646447989657,4,0.14,2,0,1,0.15,1,Low
797,27267.245555089117,5,0.09,3,2,0,0.06,4,Low
798,46544.227267868104,1,0.01,7,1,0,0.2,2,Low
799,19325.629528169997,4,0.18,1,0,0,0.21,2,Low
800,63487.62320196321,3,0.04,7,0,1,0.17,3,Medium
801,90421.84517065497,2,0.46,6,1,0,0.16,4,Medium
802,48240.05755363269,3,0.1,8,1,1,0.25,4,Low
803,24770.34080260359,2,0.15,7,0,1,0.29,1,Low
804,16021.065422389975,3,0.05,4,0,0,0.28,3,Low
805,12979.569940679956,5,0.1,3,2,0,0.04,3,Low
806,3976.8472215455927,2,0.41,3,0,0,0.06,4,Low
807,27940.72917887448,5,0.13,4,1,0,0.16,2,Low
808,26684.7116766879,1,0.05,9,1,0,0.19,3,Low
809,60852.31711835709,0,0.17,9,1,0,0.21,2,Medium
810,20431.125344732256,4,0.38,2,1,0,0.17,1,Low
811,29201.788835025334,6,0.1,5,1,0,0.1,3,Low
812,41174.806040439675,4,0.31,1,0,1,0.16,3,Low
813,47685.20259345136,3,0.46,4,3,0,0.14,1,Medium
814,56135.81126257716,5,0.04,2,3,2,0.1,3,Medium
815,38229.15213407129,2,0.29,8,0,2,0.02,4,Low
816,9809.706287838393,2,0.0,4,2,2,0.07,4,Low
817,44754.87067565071,2,0.27,5,1,1,0.17,1,Low
818,19185.247419023653,4,0.08,4,1,0,0.14,2,Low
819,76617.4003771876,3,0.52,5,0,0,0.14,2,Medium
820,33885.585138720395,5,0.0,5,1,0,0.34,3,Low
821,39943.974435276745,2,0.02,5,2,0,0.21,2,Low
822,155737.80853038465,2,0.09,3,0,1,0.07,2,Low
823,56813.33241127854,3,0.16,7,2,3,0.04,1,Medium
824,44175.118280203154,3,0.13,3,0,0,0.22,2,Low
825,29884.692675807844,4,0.11,2,1,0,0.08,2,Low
826,10661.856842599413,1,0.15,3,2,0,0.03,2,Low
827,28222.407585176745,0,0.39,3,1,0,0.15,4,Low
828,15842.539162420222,1,0.13,8,2,0,0.11,4,Low
829,97712.5014601902,4,0.04,4,1,0,0.26,1,Low
830,44597.419414672964,3,0.17,3,2,1,0.16,3,Low
831,74759.56248158407,4,0.03,5,0,0,0.16,1,Low
832,19937.610622167333,1,0.22,4,2,1,0.04,3,Low
833,16897.000161193453,5,0.09,9,0,1,0.34,3,Low
834,53029.971410437436,3,0.08,8,0,1,0.24,2,Medium
835,15268.248829161957,4,0.08,7,0,0,0.45,2,Low
836,23265.972676665497,4,0.44,8,3,1,0.27,1,Medium
837,100761.27464089762,4,0.0,5,1,1,0.16,1,Low
838,24042.87708408891,1,0.05,4,0,0,0.11,1,Low
839,8485.811792876002,4,0.29,7,3,0,0.25,4,Medium
840,5406.687433020106,3,0.26,1,2,2,0.27,4,Low
841,7421.003851534667,2,0.1,6,0,0,0.04,4,Low
842,77715.41479179607,5,0.13,8,2,0,0.15,4,Medium
843,21018.300686165345,4,0.01,7,1,0,0.03,4,Low
844,152621.03172645957,3,0.07,2,0,1,0.15,2,Low
845,91108.66597046424,4,0.11,7,2,1,0.26,3,Medium
846,116592.10195365979,4,0.12,6,0,0,0.28,4,Low
847,67382.07384223922,3,0.24,5,1,0,0.02,1,Low
848,51092.26330518214,1,0.0,4,2,2,0.17,3,Low
849,16356.243816271208,2,0.16,1,0,1,0.04,4,Low
850,33246.28110867089,0,0.08,2,0,1,0.08,4,Low
851,54740.79004626324,4,0.12,7,0,0,0.16,2,Medium
852,64583.48970682545,1,0.02,3,0,0,0.15,2,Low
853,11690.883140421402,5,0.16,5,1,0,0.07,2,Low
854,28578.926839238466,1,0.07,8,1,1,0.2,4,Low
855,31243.77687128125,4,0.02,8,0,0,0.18,2,Low
856,30287.60712267286,1,0.03,6,0,0,0.06,4,Low
857,13265.577097039342,6,0.09,5,0,0,0.22,3,Low
858,107780.61960084863,4,0.09,2,2,0,0.16,3,Low
859,27820.84018486027,1,0.79,9,0,1,0.26,4,Low
860,14190.79247716494,3,0.13,1,3,0,0.25,1,Low
861,109511.43209430428,3,0.07,2,0,1,0.15,4,Low
862,91165.8950075065,4,0.02,1,2,2,0.26,3,Low
863,37104.93134642085,2,0.02,4,2,0,0.17,3,Low
864,22690.179407300428,4,0.48,4,1,1,0.11,4,Low
865,6785.210247416488,3,0.21,5,0,2,0.23,4,Low
866,48430.73329405927,3,0.27,5,1,2,0.25,4,Low
867,21384.12350277774,2,0.01,8,2,0,0.13,3,Low
868,32627.9367209624,4,0.21,3,2,0,0.25,1,Low
869,103225.71979313325,3,0.43,6,1,0,0.17,4,Medium
870,20076.70260921175,1,0.23,3,1,1,0.07,3,Low
871,46961.13414434164,1,0.21,2,1,1,0.18,4,Low
872,57283.935013295384,2,0.01,8,1,1,0.11,3,Medium
873,76108.13348299285,2,0.05,1,2,0,0.21,4,Low
874,30813.66202693534,1,0.19,9,1,0,0.13,3,Low
875,28346.205200628297,6,0.06,7,0,0,0.21,4,Low
876,27820.959363727736,2,0.11,4,0,0,0.17,2,Low
877,43746.83307008941,5,0.06,3,0,1,0.19,4,Low
878,88636.82664067607,7,0.09,6,0,0,0.12,3,Low
879,26811.570234576837,5,0.06,9,2,0,0.01,4,Low
880,1744.6808158005545,4,0.16,9,3,0,0.13,1,Medium
881,61765.95819641154,3,0.3,4,0,0,0.11,4,Low
882,35093.11708771018,4,0.2,5,1,0,0.46,4,Low
883,48508.25053798059,1,0.02,9,0,0,0.34,4,Low
884,7076.597997674788,2,0.04,2,0,0,0.12,1,Low
885,21454.265463264273,4,0.32,2,0,0,0.14,1,Low
886,58334.36822634812,1,0.33,5,0,0,0.07,1,Low
887,10303.768149943262,4,0.2,1,1,1,0.11,2,Low
888,46885.10710996042,6,0.2,8,0,0,0.13,1,Low
889,32421.517007716,3,0.12,5,2,1,0.47,2,Low
890,17736.31221756119,1,0.06,2,0,1,0.06,4,Low
891,16484.219206284408,2,0.04,9,0,0,0.25,2,Low
892,13382.77687880952,4,0.1,2,1,2,0.23,4,Low
893,34951.39754018011,3,0.25,7,1,0,0.09,2,Low
894,38099.73054786137,1,0.22,8,1,1,0.26,1,Low
895,24726.409511746446,7,0.26,6,0,2,0.23,1,Low
896,12606.913508722177,2,0.42,7,3,1,0.26,2,Medium
897,45923.56106704155,5,0.16,1,0,0,0.19,2,Low
898,62543.9443525262,6,0.23,4,0,0,0.19,1,Low
899,52011.69548211521,1,0.04,7,1,0,0.12,4,Medium
900,119677.12109794251,0,0.23,1,3,1,0.29,4,Medium
901,28830.464509721194,2,0.24,1,1,1,0.24,4,Low
902,82925.58048253936,3,0.21,6,0,0,0.11,4,Low
903,19281.75194589941,5,0.3,4,0,0,0.25,3,Low
904,16663.453142456667,0,0.1,3,2,1,0.12,4,Low
905,36602.046472575734,0,0.01,5,0,0,0.16,3,Low
906,95340.16895813087,3,0.08,9,2,1,0.1,3,Medium
907,26352.233226692293,4,0.2,3,1,1,0.08,1,Low
908,7070.673417439448,3,0.16,5,1,0,0.12,1,Low
909,61729.52071304558,4,0.22,5,2,1,0.16,2,Low
910,31363.70582513636,3,0.19,9,1,0,0.07,4,Low
911,41657.42179670989,5,0.19,4,0,0,0.21,4,Low
912,17446.30399381627,6,0.16,1,0,2,0.07,1,Low
913,36344.33118665514,3,0.16,5,1,1,0.17,1,Low
914,8280.967810296486,4,0.37,1,1,0,0.2,1,Low
915,108868.55623313703,1,0.33,6,1,0,0.14,2,Low
916,69719.63479159116,3,0.37,7,0,0,0.28,4,Medium
917,35116.23014924243,3,0.15,1,2,0,0.18,2,Low
918,60555.83841971271,2,0.22,4,0,0,0.17,3,Low
919,19325.06220076297,4,0.16,9,1,0,0.2,3,Low
920,67625.84408660469,3,0.11,1,3,0,0.18,4,Medium
921,25415.106986783856,5,0.09,9,1,0,0.15,1,Low
922,23959.653062727793,3,0.22,8,0,0,0.05,1,Low
923,14253.960483404247,3,0.0,5,0,2,0.17,2,Low
924,45510.46738293762,2,0.2,6,0,1,0.03,3,Low
925,33962.59571431537,0,0.13,7,0,0,0.11,3,Low
926,84708.52068374828,4,0.13,4,0,0,0.07,4,Low
927,12738.968464586402,3,0.03,6,2,0,0.18,3,Low
928,45660.23729367841,2,0.02,7,0,0,0.11,1,Low
929,74351.2918574623,4,0.19,6,0,0,0.15,1,Low
930,38608.430429567576,6,0.05,6,1,1,0.07,1,Low
931,25020.854072411934,4,0.15,2,2,1,0.08,4,Low
932,37874.914129045654,4,0.13,5,0,1,0.07,2,Low
933,80239.78291843818,2,0.06,3,2,0,0.42,3,Medium
934,80217.40995960691,1,0.05,7,1,2,0.08,4,Medium
935,30376.807214200388,1,0.29,4,1,2,0.09,2,Low
936,79288.0824528318,1,0.34,1,0,0,0.32,4,Medium
937,32746.361963859308,4,0.01,6,2,0,0.19,3,Low
938,60089.82848908743,3,0.1,6,0,0,0.21,1,Low
939,49536.48844091553,4,0.27,7,0,0,0.1,2,Low
940,24206.846239037197,4,0.19,8,0,1,0.19,2,Low
941,14738.76247651127,2,0.08,3,0,0,0.11,4,Low
942,75671.35606617772,6,0.11,6,4,0,0.19,4,Medium
943,90063.12222162494,3,0.3,2,2,0,0.23,1,Low
944,44882.011222298905,1,0.41,9,1,0,0.11,4,Low
945,32712.500184372697,3,0.33,2,2,1,0.3,3,Low
946,11217.790691933169,2,0.26,3,1,0,0.21,3,Low
947,74364.22247960092,2,0.05,2,1,1,0.13,3,Low
948,41195.85262982676,3,0.04,9,0,0,0.47,3,Low
949,27085.35643498367,3,0.22,1,0,0,0.05,1,Low
950,61270.71818496473,3,0.16,5,1,0,0.07,1,Low
951,9258.90168443563,3,0.09,1,1,1,0.22,1,Low
952,13601.62883683523,6,0.28,5,2,0,0.15,4,Low
953,18717.664014966926,6,0.26,8,1,0,0.02,1,Low
954,48440.927060534734,3,0.06,8,2,0,0.16,2,Low
955,38188.43543493188,3,0.08,8,2,0,0.24,2,Low
956,52554.30084270765,3,0.08,2,1,2,0.13,2,Low
957,70979.29479446485,2,0.13,8,2,0,0.31,4,Medium
958,53889.380922700475,3,0.13,5,0,0,0.09,4,Low
959,110386.54098000258,3,0.01,1,0,0,0.35,1,Medium
960,70867.42174365523,3,0.2,7,1,1,0.12,3,Medium
961,30320.714914578086,1,0.02,6,2,0,0.22,2,Low
962,21333.703231006566,4,0.26,5,2,1,0.11,4,Low
963,31049.990108659247,1,0.25,1,0,1,0.48,2,Low
964,55211.66488327233,4,0.15,1,1,0,0.09,1,Low
965,23306.058429355624,2,0.04,6,1,0,0.28,4,Low
966,56279.66552372193,2,0.11,7,2,0,0.14,3,Medium
967,51880.27205391078,5,0.2,1,2,1,0.45,3,Medium
968,14544.382371651809,4,0.01,9,2,0,0.08,4,Low
969,69970.52096053612,1,0.43,4,0,0,0.21,3,Medium
970,43744.41299713838,1,0.0,5,0,1,0.4,1,Low
971,106884.92099342227,5,0.29,2,1,0,0.16,3,Low
972,32834.43120393008,3,0.37,8,1,0,0.16,2,Low
973,26102.061756325034,1,0.31,2,0,0,0.13,2,Low
974,12857.784990139513,1,0.0,3,3,0,0.02,2,Low
975,12665.555884723011,5,0.14,9,1,0,0.05,4,Low
976,64383.15191705523,4,0.07,2,2,0,0.24,4,Low
977,99881.25412808252,4,0.08,6,1,1,0.11,4,Low
978,30708.54321669721,1,0.23,4,4,0,0.09,4,Low
979,29161.61959702928,0,0.11,7,0,1,0.57,4,Low
980,35174.98502296236,4,0.04,6,0,1,0.07,1,Low
981,73232.60456630365,2,0.03,9,2,0,0.11,4,Medium
982,14664.813133141015,4,0.11,9,1,1,0.01,3,Low
983,39874.56373577343,1,0.31,4,0,0,0.06,1,Low
984,65385.02979017928,1,0.15,1,1,3,0.16,4,Medium
985,48017.692082111185,4,0.19,2,1,1,0.15,3,Low
986,918.3795221912676,2,0.05,8,1,0,0.2,1,Low
987,54078.15929088347,1,0.11,8,0,0,0.37,2,Medium
988,48351.366578505156,1,0.09,2,2,0,0.12,1,Low
989,82867.8601111753,3,0.27,4,0,0,0.06,4,Low
990,94696.4920615801,4,0.02,1,1,0,0.17,1,Low
991,80115.4161142608,2,0.33,7,2,0,0.16,1,Medium
992,35319.20269172359,2,0.27,4,1,1,0.19,2,Low
993,6720.526823664298,4,0.05,8,0,0,0.5,1,Low
994,28995.097967576505,3,0.25,9,1,1,0.44,1,Low
995,34471.865710128586,1,0.09,9,1,1,0.12,2,Low
996,99048.42698406307,1,0.25,3,1,0,0.11,4,Low
997,17603.064968467996,3,0.65,5,0,1,0.08,3,Low
998,9547.16247923139,2,0.19,6,1,0,0.23,1,Low
999,23432.069462277195,3,0.06,6,1,0,0.08,2,Low
1000,18460.931225996137,2,0.08,8,0,1,0.26,1,Low
